"Title","Rating","First Name","Last Name","Gender","Date of birth","Address","Suburb","City","Postcode","State","Country","Email","Mobile Phone","External ID","Emergency Contact","Emergency Phone","Account Name","BSB","Account Number","Employed As","TFN Number","ABN Number","Choice of superannuation","Employee ID Number","Super Fund Name","Membership Number"
"Mr","2.6","Andrew","Hyatttest","m","30/11/2012","24 Park St","Hawthorn","Melbourne","3122","VIC","AU","andrew.hyatt@smmail.com","04334578965","","Cherry","","","","","1","","","Andrew Hyatt","","Host Plus",""
"Miss","2.5","Angela","Lindsay","f","30/11/-0001","80 Bourke St","Melbourne","Melbourne","3000","VIC","AU","angela.lindsay@smmail.com","","","Lily","","","","","1","","","Angela Lindsay","","HOST Plus",""
"Mr","1.9","Brian","Hudson","m","30/11/-0001","23 Liddiard St","Hawthorn","Melbourne","3122","VIC","AU","brian.hudson@smmail.com","04334578964","","Berry","","","","","1","","","Brian Hudson","","HOST Plus",""
"Mr","3.4","Edward","Chaplin","m","30/11/-0001","7 Rose St","Sandringham","Melbourne","3058","VIC","AU","edward.chaplin@smmail.com","04334578969","","Edith","","","","","1","","","Edward Chaplin","","HOST Plus",""
"Miss","4.9","Fiona","Harris","f","30/11/-0001","2 Lidiard St","Camberwell","Melbourne","3123","VIC","AU","fiona.harris@smmail.com","","","Fendy","","","","","1","","","Fiona Harris","","HOST Plus",""
"Mr","0","Gary","Burke","m","30/11/-0001","90 Smith St","KEW","Melbourne","3121","VIC","AU","gary.burke@smmail.com","04334578967","","Glenn","","","","","1","","","Gary Burke","","HOST Plus",""
"Mr","0","Howard","Leigh","m","30/11/-0001","8 Bell St","Camberwell","Mel","3123","VIC","AU","howard.leigh@smmail.com","04334578961","","Henny","","","","","1","","","Howard Leigh","","HOST Plus",""
"Miss","0","Jess","Killer","f","30/11/-0001","7 Whiteman St","Melbourne","Melbourne","3000","VIC","AU","jess.killer@smmail.com","","","Sam","","","","","1","","","Jess Killer","","HOST Plus",""
"Miss","0","Judith","Palse","f","30/11/-0001","99 Bank St","Cranbourne","Melbourne","3400","VIC","AU","judith.palse@smmail.com","043345744448","","Jade","","","","","1","","","Judith Palse","","HOST Plus",""
"Miss","0","Kelly","Chen","f","30/11/-0001","8 Flinders St","Melbourne","Melbourne","3000","VIC","AU","kelly.chen@smmail.com","","","Ken","","","","","1","","","Kelly Chen","","HOST Plus",""
"Miss","1.4","Lily","Clipton","f","30/11/-0001","7 Flower st","Dandenong","Melbourne","3600","VIC","AU","lily.clipton@smmail.com","","","Lusi","","","","","1","","","Lily Clipton","","HOST Plus",""
"Mrs","3","Lucy","Dale","f","30/11/-0001","9 Iron st","Brighton","Melbourne","3300","VIC","AU","lucy.dale@smmail.com","","","Lina","","","","","1","","","Lucy Dale","","HOST Plus",""
"Mr","1.7","Luke","Smith","m","30/11/-0001","3 Collins St","East Camberwell","Melbourne","3123","VIC","AU","luke.smith@smmail.com","04334578977","","Lucy","","","","","1","","","Luke Smith","","HOST Plus",""
"Mr","2.4","Paul","Gilbert","m","30/11/-0001","50 Town St","Glen Huntly","Melbourne","3151","VIC","AU","paul.gilbert@smmail.com","04334578976","","Pillip","","","","","1","","","Paul Gilbert","","HOST Plus",""
"Miss","0","Rachel","Gibson","f","30/11/-0001","12 Square st","Melbourne","Melbourne","3000","VIC","AU","rachel.gibson@smmail.com","04334578448","","Randy","","","","","1","","","Rachel Gibson","","HOST Plus",""
"Mr","0","Richard","Gerald","m","30/11/-0001","26 Monash FWY","Dandenong","Melbourne","3076","VIC","AU","richard.gerald@smmail.com","04334578968","","Rain","","","","","1","","","Richard Gerald","","HOST Plus",""
"Mrs","0","Rio","Christian","f","30/11/2012","40 Hull St","Hawthorn","Melbourne","3122","VIC","AU","rio.chris@smmail.com","04334578978","","Rena","","","","","1","","","Rio Chris","","HOST Plus",""
"Miss","0","Sheila","Hondie","f","30/11/-0001","45 Team st","Glen Roy","Melbourne","3145","VIC","AU","sheila.hondie@smmail.com","","","Jes","","","","","1","","","Sheila Hondie","","HOST Plus",""
"Mr","2.4","Stafford","Mastered","m","30/11/2012","20A Macquaire St","Prahran","Melbourne","3181","VIC","AU","propagate.au@gmail.com","98185698","","Mr Stafford Mastered","059 554 315","Propagate","","","2","","12 345 567 789","","","",""
"Miss","0","Susie","Howie","f","30/11/-0001","9 Hull St","Hawthorn","Mel","3121","VIC","AU","susie.howie@smmail.com","04334578974","","Sean","","","","","1","","","Susie Howie","","HOST Plus",""
"Mr","4.9","Thomas","Edison","m","30/11/-0001","34 Stanley St","Melbourne","Melbourne","3000","VIC","AU","thomas.edison@smmail.com","04334578962","","Teddy","","","","","1","","","Thomas Edison","","HOST Plus",""
"Mr","0","William","Tent","m","30/11/-0001","20 Riverbank St","Melbourne","Mel","3000","VIC","AU","william.tent@smmail.com","04334578963","","Wendy","","","","","1","","","William Tent","","HOST Plus",""
