Title,Rating,First Name,Last Name,Gender,Date of birth,Address,Suburb,City,Postcode,State,Country,Email,Mobile Phone,External ID,Emergency Contact,Emergency Phone,Account Name,BSB,Account Number,Employed As,TFN Number,ABN Number,Choice of superannuation,Employee ID Number,Super Fund Name,Membership NumberMr,2.6,Andrew,Hyatttest,m,30/11/2012,24 Park St,Hawthorn,Melbourne,3122,VIC,AU,andrew.hyatt@smmail.com,4334578965,,Cherry,,,,,tfn,,,Andrew Hyatt,,Host Plus,Miss,2.5,Angela,Lindsay,f,30/11/-0001,80 Bourke St,Melbourne,Melbourne,3000,VIC,AU,angela.lindsay@smmail.com,,,Lily,,,,,tfn,,,Angela Lindsay,,HOST Plus,Mr,1.9,Brian,Hudson,m,30/11/-0001,23 Liddiard St,Hawthorn,Melbourne,3122,VIC,AU,brian.hudson@smmail.com,4334578964,,Berry,,,,,tfn,,,Brian Hudson,,HOST Plus,ava,3.4,Edward,Chaplin,m,30/11/-0001,7 Rose St,Sandringham,Melbourne,3058,VIC,AU,edward.chaplin@smmail.com,4334578969,,Edith,,,,,tfn,,,Edward Chaplin,,HOST Plus,Miss,4.9,Fiona,Harris,f,30/11/-0001,2 Lidiard St,Camberwell,Melbourne,3123,VIC,AU,fiona.harris@smmail.com,,,Fendy,,,,,tfn,,,Fiona Harris,,HOST Plus,Mr,0,Gary,Burke,m,30/11/-0001,90 Smith St,KEW,Melbourne,3121,VIC,AU,gary.burke@smmail.com,4334578967,,Glenn,,,,,tfn,,,Gary Burke,,HOST Plus,Mr,0,Howard,Leigh,m,30/11/-0001,8 Bell St,Camberwell,Mel,3123,VIC,AU,howard.leigh@smmail.com,4334578961,,Henny,,,,,tfn,,,Howard Leigh,,HOST Plus,Miss,0,Jess,Killer,f,30/11/-0001,7 Whiteman St,Melbourne,Melbourne,3000,VIC,AU,dasdasdad,,,Sam,,,,,ffff,,,Jess Killer,,HOST Plus,Miss,10,Judith,Palse,f,30/11/-0001,99 Bank St,Cranbourne,Melbourne,3400,VIC,AU,judith.palse@smmail.com,43345744448,,Jade,,,,,tfn,,,Judith Palse,,HOST Plus,Miss,0,Kelly,Chen,f,30/11/-0001,8 Flinders St,Melbourne,Melbourne,3000,VIC,AU,kelly.chen@smmail.com,,,Ken,,,,,tfn,,,Kelly Chen,,HOST Plus,Miss,1.4,Lily,Clipton,f,30/11/-0001,7 Flower st,Dandenong,Melbourne,3600,VIC,AU,lily.clipton@smmail.com,,,Lusi,,,,,tfn,,,Lily Clipton,,HOST Plus,Mrs,3,Lucy,Dale,fasd,30/11/-0001,9 Iron st,Brighton,Melbourne,3300,VIC,AU,lucy.dale@smmail.com,,,Lina,,,,,tfn,,,Lucy Dale,,HOST Plus,Mr,1.7,Luke,Smith,m,30/11/-0001,3 Collins St,East Camberwell,Melbourne,3123,VIC,AU,luke.smith@smmail.com,4334578977,,Lucy,,,,,tfn,,,Luke Smith,,HOST Plus,Mr,2.4,Paul,Gilbert,m,30/11/-0001,50 Town St,Glen Huntly,Melbourne,3151,VIC,AU,paul.gilbert@smmail.com,4334578976,,Pillip,,,,,tfn,,,Paul Gilbert,,HOST Plus,Miss,0,Rachel,Gibson,f,30/11/-0001,12 Square st,Melbourne,Melbourne,3000,VIC,AU,rachel.gibson@smmail.com,4334578448,,Randy,,,,,tfn,,,Rachel Gibson,,HOST Plus,Mr,0,Richard,Gerald,m,30/11/-0001,26 Monash FWY,Dandenong,Melbourne,3076,VIC,AU,richard.gerald@smmail.com,4334578968,,Rain,,,,,tfn,,,Richard Gerald,,HOST PlusMrs,0,Rio,Christian,f,30/11/2012,40 Hull St,Hawthorn,Melbourne,3122,VIC,AU,rio.chris@smmail.com,4334578978,,Rena,,,,,tfn,,,Rio Chris,,HOST PlusMiss,0,Sheila,Hondie,f,30/11/-0001,45 Team st,Glen Roy,Melbourne,3145,VIC,AU,sheila.hondie@smmail.com,,,Jes,,,,,tfn,,,Sheila Hondie,,HOST PlusMr,2.4,Stafford,Mastered,m,30/11/2012,20A Macquaire St,Prahran,Melbourne,3181,VIC,AU,propagate.au@gmail.com,98185698,,Mr Stafford Mastered,059 554 315,Propagate,,,tfn,,12 345 567 789,,,Miss,0,Susie,Howie,f,30/11/-0001,9 Hull St,Hawthorn,Mel,3121,VIC,AU,susie.howie@smmail.com,4334578974,,Sean,,,,,tfn,,,Susie Howie,,HOST PlusMr,4.9,Thomas,Edison,m,30/11/-0001,34 Stanley St,Melbourne,Melbourne,3000,VIC,AU,thomas.edison@smmail.com,4334578962,,Teddy,,,,,tfn,,,Thomas Edison,,HOST PlusMr,0,William,Tent,m,30/11/-0001,20 Riverbank St,Melbourne,Mel,3000,VIC,AU,william.tent@smmail.com,4334578963,,Wendy,,,,,tfn,,,William Tent,,HOST Plus